{"version":"1.0","sourceVrmMetaVersion":"0","pose":{"hips":{"rotation":[0.002392643954163581,-0.0007440849837245335,-0.05520464379014949,0.9984719169292888]},"spine":{"rotation":[0,0,0.06395531909422399,0.9979527629900906]},"neck":{"rotation":[0.07783844900638516,0.0034094944253066496,0.043627204554567596,0.9960051296187175]},"leftUpperLeg":{"rotation":[-0.042749910929417795,-0.003978726728222546,0.09258388776668378,0.9947787887641931]},"leftLowerLeg":{"rotation":[0.061231435096492474,0.004973677055354297,0.030079904556784498,0.9976578437693094]},"leftFoot":{"rotation":[-0.002960062850148249,-0.003957645989897594,-0.03553326576421801,0.9993562738534598]},"rightLowerLeg":{"rotation":[0.06365681940896743,0.002606270450735956,-0.04082513758777196,0.9971330527256687]},"rightFoot":{"rotation":[0.0491869683378885,0.031523564699521035,0.06339062154017862,0.9962773389549281]},"leftUpperArm":{"rotation":[0,0,-0.5664731477930991,0.8240801980568261]},"leftLowerArm":{"rotation":[0,-0.1360670614819802,0,0.9906996289388925]},"leftHand":{"rotation":[0.02586134808346399,-0.017094147596783956,-0.1521851403226344,0.987865711449803]},"rightUpperArm":{"rotation":[-0.10632302447917473,-0.0006899577548036273,0.31568664899979154,0.9428875214293485]},"rightLowerArm":{"rotation":[0.0012777910554634033,-0.1353983603902291,0.6230704573794656,0.7703563178131272]},"rightHand":{"rotation":[0.005383598709433113,-0.002157488092298751,-0.3719861157816665,0.9282201741913048]},"leftThumbProximal":{"rotation":[0.3042509614203867,0.3397220702952521,0.015982481147979805,0.8898116810457326]},"leftThumbDistal":{"rotation":[0,0.13588363305552434,0,0.9907248045081094]},"leftIndexProximal":{"rotation":[0.01892841744652365,0.0043799374648464924,-0.09739658442137225,0.9950559966674363]},"leftIndexIntermediate":{"rotation":[0,0,-0.3299974941996582,0.943981807993113]},"leftIndexDistal":{"rotation":[0,0,-0.2587137556612114,0.9659540323595484]},"leftMiddleProximal":{"rotation":[0,0,-0.30557752956018513,0.9521671982524363]},"leftMiddleIntermediate":{"rotation":[0,0,-0.5263691687199057,0.8502561368323758]},"leftMiddleDistal":{"rotation":[0,0,-0.12474797002425642,0.9921884619238561]},"leftRingProximal":{"rotation":[0,0,-0.45418357399585896,0.8909081215884992]},"leftRingIntermediate":{"rotation":[0,0,-0.23322399204568547,0.9724230404172219]},"leftRingDistal":{"rotation":[0,0,-0.1635575201437883,0.9865337995245853]},"leftLittleProximal":{"rotation":[0,0,-0.5408939677867177,0.8410907891612779]},"leftLittleIntermediate":{"rotation":[0,0,-0.35375827941682086,0.9353368803506311]},"leftLittleDistal":{"rotation":[0,-0.3345296962716182,0,0.9423852090904329]},"rightIndexProximal":{"rotation":[0,0,0.1847773578030768,0.9827804068271374]},"rightIndexIntermediate":{"rotation":[0,0,0.22291730265794357,0.9748373588325936]},"rightIndexDistal":{"rotation":[0,0,0.20340652590330194,0.9790943699255702]},"rightMiddleProximal":{"rotation":[0,0,0.09040925544430893,0.995904697513776]},"rightMiddleIntermediate":{"rotation":[0,0,0.30273698900990176,0.9530741395532767]},"rightMiddleDistal":{"rotation":[0,0,0.2035737310375699,0.9790596182212007]},"rightRingProximal":{"rotation":[0,0,0.1699172216398376,0.9854583389419354]},"rightRingIntermediate":{"rotation":[0,0,0.21983133414478181,0.9755378949728839]},"rightRingDistal":{"rotation":[0,0,0.1670645190937734,0.9859459652840851]},"rightLittleProximal":{"rotation":[0,0,0.22945055659729421,0.9733203183316335]},"rightLittleIntermediate":{"rotation":[0,0,0.16791327387876426,0.9858017713796802]},"rightLittleDistal":{"rotation":[0,0,0.1355811461198417,0.9907662452954431]}}}